Series_Title,Released_Year,Country
The Shawshank Redemption,1994,USA
The Godfather,1972,USA
The Dark Knight,2008,USA
The Godfather: Part II,1974,USA
12 Angry Men,1957,USA
The Lord of the Rings: The Return of the King,2003,USA
Pulp Fiction,1994,USA
Schindler's List,1993,USA
Inception,2010,USA
Fight Club,1999,USA
The Lord of the Rings: The Fellowship of the Ring,2001,USA
Forrest Gump,1994,USA
"Il buono, il brutto, il cattivo",1966,Italy
The Lord of the Rings: The Two Towers,2002,USA
The Matrix,1999,USA
Goodfellas,1990,USA
Star Wars: Episode V - The Empire Strikes Back,1980,USA
One Flew Over the Cuckoo's Nest,1975,USA
Hamilton,2020,USA
Gisaengchung,2019,South Korea
Soorarai Pottru,2020,India
Interstellar,2014,USA
Cidade de Deus,2002,Brazil
Sen to Chihiro no kamikakushi,2001,Japan
Saving Private Ryan,1998,USA
The Green Mile,1999,USA
La vita è bella,1997,Italy
Se7en,1995,USA
The Silence of the Lambs,1991,USA
Star Wars,1977,USA
Seppuku,1962,Japan
Shichinin no samurai,1954,Japan
It's a Wonderful Life,1946,USA
Joker,2019,USA
Whiplash,2014,USA
The Intouchables,2011,France
The Prestige,2006,USA
The Departed,2006,USA
The Pianist,2002,France
Gladiator,2000,USA
American History X,1998,USA
The Usual Suspects,1995,USA
Léon,1994,France
The Lion King,1994,USA
Terminator 2: Judgment Day,1991,USA
Nuovo Cinema Paradiso,1988,Italy
Hotaru no haka,1988,Japan
Back to the Future,1985,USA
Once Upon a Time in the West,1968,Italy
Psycho,1960,USA
Casablanca,1942,USA
Modern Times,1936,USA
City Lights,1931,USA
Capharnaüm,2018,Lebanon
Ayla: The Daughter of War,2017,Turkey
Vikram Vedha,2017,India
Kimi no na wa.,2016,Japan
Dangal,2016,India
Spider-Man: Into the Spider-Verse,2018,USA
Avengers: Endgame,2019,USA
Avengers: Infinity War,2018,USA
Coco,2017,USA
Django Unchained,2012,USA
The Dark Knight Rises,2012,USA
3 Idiots,2009,India
Taare Zameen Par,2007,India
WALL·E,2008,USA
The Lives of Others,2006,Germany
Oldeuboi,2003,South Korea
Memento,2000,USA
Mononoke-hime,1997,Japan
Once Upon a Time in America,1984,USA
Raiders of the Lost Ark,1981,USA
The Shining,1980,USA
Apocalypse Now,1979,USA
Alien,1979,USA
Anand,1971,India
Tengoku to jigoku,1963,Japan
Dr. Strangelove or: How I Learned to Stop Worrying and Love the Bomb,1964,USA
Witness for the Prosecution,1957,USA
Paths of Glory,1957,USA
Rear Window,1954,USA
Sunset Blvd.,1950,USA
The Great Dictator,1940,USA
1917,2019,USA
Tumbbad,2018,India
Andhadhun,2018,India
Drishyam,2013,India
Jagten,2012,Denmark
Jodaeiye Nader az Simin,2011,Iran
Incendies,2010,Canada
Miracle in cell NO.7,2019,South Korea
Babam ve Oglum,2005,Turkey
Inglourious Basterds,2009,USA
Eternal Sunshine of the Spotless Mind,2004,USA
Amélie,2001,France
Snatch,2000,UK
Requiem for a Dream,2000,USA
American Beauty,1999,USA
Good Will Hunting,1997,USA
Bacheha-Ye aseman,1997,Iran
Toy Story,1995,USA
Braveheart,1995,USA
Reservoir Dogs,1992,USA
Full Metal Jacket,1987,USA
Idi i smotri,1985,Soviet Union
Aliens,1986,USA
Amadeus,1984,USA
Scarface,1983,USA
Star Wars: Episode VI - Return of the Jedi,1983,USA
Das Boot,1981,Germany
Taxi Driver,1976,USA
The Sting,1973,USA
A Clockwork Orange,1971,UK
2001: A Space Odyssey,1968,USA
Per qualche dollaro in più,1965,Italy
Lawrence of Arabia,1962,UK
The Apartment,1960,USA
North by Northwest,1959,USA
Vertigo,1958,USA
Singin' in the Rain,1952,USA
Ikiru,1952,Japan
Ladri di biciclette,1948,Italy
Double Indemnity,1944,USA
Citizen Kane,1941,USA
M - Eine Stadt sucht einen Mörder,1931,Germany
Metropolis,1927,Germany
The Kid,1921,USA
Chhichhore,2019,India
Uri: The Surgical Strike,2018,India
K.G.F: Chapter 1,2018,India
Green Book,2018,USA
"Three Billboards Outside Ebbing, Missouri",2017,USA
Talvar,2015,India
Baahubali 2: The Conclusion,2017,India
Klaus,2019,USA
Drishyam,2015,India
Queen,2013,India
Mandariinid,2013,Estonia
Bhaag Milkha Bhaag,2013,India
Gangs of Wasseypur,2012,India
Udaan,2010,India
Paan Singh Tomar,2012,India
El secreto de sus ojos,2009,Argentina
Warrior,2011,USA
Shutter Island,2010,USA
Up,2009,USA
The Wolf of Wall Street,2013,USA
Chak De! India,2007,India
There Will Be Blood,2007,USA
Pan's Labyrinth,2006,Mexico
Toy Story 3,2010,USA
V for Vendetta,2005,USA
Rang De Basanti,2006,India
Black,2005,India
Batman Begins,2005,USA
"Swades: We, the People",2004,India
Der Untergang,2004,Germany
Hauru no ugoku shiro,2004,Japan
A Beautiful Mind,2001,USA
Hera Pheri,2000,India
"Lock, Stock and Two Smoking Barrels",1998,UK
L.A. Confidential,1997,USA
Eskiya,1996,Turkey
Heat,1995,USA
Casino,1995,USA
Andaz Apna Apna,1994,India
Unforgiven,1992,USA
Indiana Jones and the Last Crusade,1989,USA
Dom za vesanje,1988,Yugoslavia
Tonari no Totoro,1988,Japan
Die Hard,1988,USA
Ran,1985,Japan
Raging Bull,1980,USA
Stalker,1979,Soviet Union
Höstsonaten,1978,Sweden
The Message,1976,UK
Sholay,1975,India
Monty Python and the Holy Grail,1975,UK
The Great Escape,1963,USA
To Kill a Mockingbird,1962,USA
Yôjinbô,1961,Japan
Judgment at Nuremberg,1961,USA
Some Like It Hot,1959,USA
Smultronstället,1957,Sweden
Det sjunde inseglet,1957,Sweden
Du rififi chez les hommes,1955,France
Dial M for Murder,1954,USA
Tôkyô monogatari,1953,Japan
Rashômon,1950,Japan
All About Eve,1950,USA
The Treasure of the Sierra Madre,1948,USA
To Be or Not to Be,1942,USA
The Gold Rush,1925,USA
Sherlock Jr.,1924,USA
Portrait de la jeune fille en feu,2019,France
Pink,2016,India
Koe no katachi,2016,Japan
Contratiempo,2016,Spain
Ah-ga-ssi,2016,South Korea
Mommy,2014,Canada
Haider,2014,India
Logan,2017,USA
Room,2015,Ireland
Relatos salvajes,2014,Argentina
Soul,2020,USA
Kis Uykusu,2014,Turkey
PK,2014,India
OMG: Oh My God!,2012,India
The Grand Budapest Hotel,2014,USA
Gone Girl,2014,USA
Ôkami kodomo no Ame to Yuki,2012,Japan
Hacksaw Ridge,2016,USA
Inside Out,2015,USA
Barfi!,2012,India
12 Years a Slave,2013,USA
Rush,2013,UK
Ford v Ferrari,2019,USA
Spotlight,2015,USA
Song of the Sea,2014,Ireland
Kahaani,2012,India
Zindagi Na Milegi Dobara,2011,India
Prisoners,2013,USA
Mad Max: Fury Road,2015,Australia
A Wednesday,2008,India
Gran Torino,2008,USA
Harry Potter and the Deathly Hallows: Part 2,2011,UK
Okuribito,2008,Japan
Hachi: A Dog's Tale,2009,USA
Mary and Max,2009,Australia
How to Train Your Dragon,2010,USA
Into the Wild,2007,USA
No Country for Old Men,2007,USA
Lage Raho Munna Bhai,2006,India
Million Dollar Baby,2004,USA
Hotel Rwanda,2004,Rwanda
Taegukgi hwinalrimyeo,2004,South Korea
Before Sunset,2004,USA
Munna Bhai M.B.B.S.,2003,India
Salinui chueok,2003,South Korea
Dil Chahta Hai,2001,India
Kill Bill: Vol. 1,2003,USA
Finding Nemo,2003,USA
Catch Me If You Can,2002,USA
Amores perros,2000,Mexico
"Monsters, Inc.",2001,USA
"Shin seiki Evangelion Gekijô-ban: Air/Magokoro wo, kimi ni",1997,Japan
Lagaan: Once Upon a Time in India,2001,India
The Sixth Sense,1999,USA
La leggenda del pianista sull'oceano,1998,Italy
The Truman Show,1998,USA
"Crna macka, beli macor",1998,France
The Big Lebowski,1998,USA
Fa yeung nin wah,2000,Hong Kong
Trainspotting,1996,UK
Fargo,1996,USA
Underground,1995,France
La haine,1995,France
Dilwale Dulhania Le Jayenge,1995,India
Before Sunrise,1995,USA
Trois couleurs: Rouge,1994,France
Chung Hing sam lam,1994,Hong Kong
Jurassic Park,1993,USA
In the Name of the Father,1993,Ireland
Ba wang bie ji,1993,China
Dà hóng denglong gaogao guà,1991,China
Dead Poets Society,1989,USA
Stand by Me,1986,USA
Platoon,1986,USA
"Paris, Texas",1984,USA
Kaze no tani no Naushika,1984,Japan
The Thing,1982,USA
Pink Floyd: The Wall,1982,UK
Fitzcarraldo,1982,Germany
Fanny och Alexander,1982,Sweden
Blade Runner,1982,USA
The Elephant Man,1980,UK
Life of Brian,1979,UK
The Deer Hunter,1978,USA
Rocky,1976,USA
Network,1976,USA
Barry Lyndon,1975,UK
Zerkalo,1975,Soviet Union
Chinatown,1974,USA
Paper Moon,1973,USA
Viskningar och rop,1972,Sweden
Solaris,1972,Soviet Union
Le samouraï,1967,France
Cool Hand Luke,1967,USA
Persona,1966,Sweden
Andrei Rublev,1966,Soviet Union
La battaglia di Algeri,1966,Italy
El ángel exterminador,1962,Mexico
What Ever Happened to Baby Jane?,1962,USA
Sanjuro,1962,Japan
The Man Who Shot Liberty Valance,1962,USA
Ivanovo detstvo,1962,Soviet Union
Jungfrukällan,1960,Sweden
Inherit the Wind,1960,USA
Les quatre cents coups,1959,France
Ben-Hur,1959,USA
Kakushi-toride no san-akunin,1958,Japan
Le notti di Cabiria,1957,Italy
Kumonosu-jô,1957,Japan
The Bridge on the River Kwai,1957,UK
On the Waterfront,1954,USA
Le salaire de la peur,1953,France
Ace in the Hole,1951,USA
White Heat,1949,USA
The Third Man,1949,UK
The Red Shoes,1948,UK
The Shop Around the Corner,1940,USA
Rebecca,1940,USA
Mr. Smith Goes to Washington,1939,USA
Gone with the Wind,1939,USA
La Grande Illusion,1937,France
It Happened One Night,1934,USA
La passion de Jeanne d'Arc,1928,France
The Circus,1928,USA
Sunrise: A Song of Two Humans,1927,USA
The General,1926,USA
Das Cabinet des Dr. Caligari,1920,Germany
Badhaai ho,2018,India
Togo,2019,USA
Airlift,2016,India
Bajrangi Bhaijaan,2015,India
Baby,2015,India
La La Land,2016,USA
Lion,2016,Australia
The Martian,2015,USA
Zootopia,2016,USA
Bãhubali: The Beginning,2015,India
Kaguyahime no monogatari,2013,Japan
Wonder,2017,USA
Gully Boy,2019,India
Special Chabbis,2013,India
Short Term 12,2013,USA
Serbuan maut 2: Berandal,2014,Indonesia
The Imitation Game,2014,UK
Guardians of the Galaxy,2014,USA
Blade Runner 2049,2017,USA
Her,2013,USA
Bohemian Rhapsody,2018,UK
The Revenant,2015,USA
The Perks of Being a Wallflower,2012,USA
Tropa de Elite 2: O Inimigo Agora é Outro,2010,Brazil
The King's Speech,2010,UK
The Help,2011,USA
Deadpool,2016,USA
Darbareye Elly,2009,Iran
Dev.D,2009,India
Yip Man,2008,Hong Kong
My Name Is Khan,2010,India
Nefes: Vatan Sagolsun,2009,Turkey
Slumdog Millionaire,2008,UK
Black Swan,2010,USA
Tropa de Elite,2007,Brazil
The Avengers,2012,USA
Persepolis,2007,France
Dallas Buyers Club,2013,USA
The Pursuit of Happyness,2006,USA
Blood Diamond,2006,USA
The Bourne Ultimatum,2007,USA
Bin-jip,2004,South Korea
Sin City,2005,USA
Le scaphandre et le papillon,2007,France
G.O.R.A.,2004,Turkey
Ratatouille,2007,USA
Casino Royale,2006,UK
Kill Bill: Vol. 2,2004,USA
Vozvrashchenie,2003,Russia
Bom Yeoareum Gaeul Gyeoul Geurigo Bom,2003,South Korea
Mar adentro,2014,Spain
Cinderella Man,2005,USA
Kal Ho Naa Ho,2003,India
Mou gaan dou,2002,Hong Kong
Pirates of the Caribbean: The Curse of the Black Pearl,2003,USA
Big Fish,2003,USA
The Incredibles,2004,USA
Yeopgijeogin geunyeo,2001,South Korea
Dogville,2003,Denmark
Vizontele,2001,Turkey
Donnie Darko,2001,USA
Magnolia,1999,USA
Dancer in the Dark,2000,Denmark
The Straight Story,1999,USA
Pâfekuto burû,1997,Japan
Festen,1998,Denmark
Central do Brasil,1998,Brazil
The Iron Giant,1999,USA
Knockin' on Heaven's Door,1997,Germany
Sling Blade,1996,USA
Secrets & Lies,1996,UK
Twelve Monkeys,1995,USA
Kôkaku Kidôtai,1995,Japan
The Nightmare Before Christmas,1993,USA
Groundhog Day,1993,USA
Bound by Honor,1993,USA
Scent of a Woman,1992,USA
Aladdin,1992,USA
JFK,1991,USA
Beauty and the Beast,1991,USA
Dances with Wolves,1990,USA
Do the Right Thing,1989,USA
Rain Man,1988,USA
Akira,1988,Japan
The Princess Bride,1987,USA
Der Himmel über Berlin,1987,Germany
Au revoir les enfants,1987,France
Tenkû no shiro Rapyuta,1986,Japan
The Terminator,1984,USA
Gandhi,1982,UK
Kagemusha,1980,Japan
Being There,1979,USA
Annie Hall,1977,USA
Jaws,1975,USA
Dog Day Afternoon,1975,USA
Young Frankenstein,1974,USA
Papillon,1973,USA
The Exorcist,1973,USA
Sleuth,1972,UK
The Last Picture Show,1971,USA
Fiddler on the Roof,1971,USA
Il conformista,1970,Italy
Butch Cassidy and the Sundance Kid,1969,USA
Rosemary's Baby,1968,USA
Planet of the Apes,1968,USA
The Graduate,1967,USA
Who's Afraid of Virginia Woolf?,1966,USA
The Sound of Music,1965,USA
Doctor Zhivago,1965,USA
Per un pugno di dollari,1964,Italy
8½,1963,Italy
Vivre sa vie: Film en douze tableaux,1962,France
The Hustler,1961,USA
La dolce vita,1960,Italy
Rio Bravo,1959,USA
Anatomy of a Murder,1959,USA
Touch of Evil,1958,USA
Cat on a Hot Tin Roof,1958,USA
Sweet Smell of Success,1957,USA
The Killing,1956,USA
The Night of the Hunter,1955,USA
La Strada,1954,Italy
Les diaboliques,1955,France
Stalag 17,1953,USA
Roman Holiday,1953,USA
A Streetcar Named Desire,1951,USA
In a Lonely Place,1950,USA
Kind Hearts and Coronets,1949,UK
Rope,1948,USA
Out of the Past,1947,USA
Brief Encounter,1945,UK
Laura,1944,USA
The Best Years of Our Lives,1946,USA
Arsenic and Old Lace,1942,USA
The Maltese Falcon,1941,USA
The Grapes of Wrath,1940,USA
The Wizard of Oz,1939,USA
La règle du jeu,1939,France
The Thin Man,1934,USA
All Quiet on the Western Front,1930,USA
Bronenosets Potemkin,1925,Soviet Union
Knives Out,2019,USA
Dil Bechara,2020,India
Manbiki kazoku,2018,Japan
Marriage Story,2019,USA
Call Me by Your Name,2017,Italy
"I, Daniel Blake",2016,UK
Isle of Dogs,2018,USA
Hunt for the Wilderpeople,2016,New Zealand
Captain Fantastic,2016,USA
Sing Street,2016,Ireland
Thor: Ragnarok,2017,USA
Nightcrawler,2014,USA
Jojo Rabbit,2019,USA
Arrival,2016,USA
Star Wars: Episode VII - The Force Awakens,2015,USA
Before Midnight,2013,USA
X-Men: Days of Future Past,2014,USA
Bir Zamanlar Anadolu'da,2011,Turkey
The Artist,2011,France
Edge of Tomorrow,2014,USA
Amour,2012,France
The Irishman,2019,USA
Un prophète,2009,France
Moon,2009,UK
Låt den rätte komma in,2008,Sweden
District 9,2009,South Africa
The Wrestler,2008,USA
Jab We Met,2007,India
Boyhood,2014,USA
"4 luni, 3 saptamâni si 2 zile",2007,Romania
Star Trek,2009,USA
In Bruges,2008,UK
The Man from Earth,2007,USA
Letters from Iwo Jima,2006,USA
The Fall,2006,UK
Life of Pi,2012,USA
Fantastic Mr. Fox,2009,USA
C.R.A.Z.Y.,2005,Canada
Les choristes,2004,France
Iron Man,2008,USA
Shaun of the Dead,2004,UK
Gegen die Wand,2004,Germany
Mystic River,2003,USA
Harry Potter and the Prisoner of Azkaban,2004,UK
Ying xiong,2002,China
Hable con ella,2002,Spain
No Man's Land,2001,Bosnia and Herzegovina
Cowboy Bebop: Tengoku no tobira,2001,Japan
The Bourne Identity,2002,USA
Nueve reinas,2000,Argentina
Children of Men,2006,UK
Almost Famous,2000,USA
Mulholland Dr.,2001,USA
Toy Story 2,1999,USA
Boogie Nights,1997,USA
Mimi wo sumaseba,1995,Japan
Once Were Warriors,1994,New Zealand
True Romance,1993,USA
Trois couleurs: Bleu,1993,France
Jûbê ninpûchô,1993,Japan
Carlito's Way,1993,USA
Edward Scissorhands,1990,USA
My Left Foot: The Story of Christy Brown,1989,Ireland
Crimes and Misdemeanors,1989,USA
The Untouchables,1987,USA
Hannah and Her Sisters,1986,USA
Brazil,1985,UK
This Is Spinal Tap,1984,USA
A Christmas Story,1983,USA
The Blues Brothers,1980,USA
Manhattan,1979,USA
All That Jazz,1979,USA
Dawn of the Dead,1978,USA
All the President's Men,1976,USA
La montaña sagrada,1973,Mexico
Amarcord,1973,Italy
Le charme discret de la bourgeoisie,1972,France
"Aguirre, der Zorn Gottes",1972,Germany
Harold and Maude,1971,USA
Patton,1970,USA
The Wild Bunch,1969,USA
Night of the Living Dead,1968,USA
The Lion in Winter,1968,UK
In the Heat of the Night,1967,USA
Charade,1963,USA
The Manchurian Candidate,1962,USA
Spartacus,1960,USA
L'avventura,1960,Italy
Hiroshima mon amour,1959,France
The Ten Commandments,1956,USA
The Searchers,1956,USA
East of Eden,1955,USA
High Noon,1952,USA
Strangers on a Train,1951,USA
Harvey,1950,USA
Miracle on 34th Street,1947,USA
Notorious,1946,USA
The Big Sleep,1946,USA
The Lost Weekend,1945,USA
The Philadelphia Story,1940,USA
His Girl Friday,1940,USA
The Adventures of Robin Hood,1938,USA
A Night at the Opera,1935,USA
King Kong,1933,USA
Freaks,1932,USA
Nosferatu,1922,Germany
The Gentlemen,2019,UK
Raazi,2018,India
Sound of Metal,2019,USA
Forushande,2016,Iran
Dunkirk,2017,UK
Perfetti sconosciuti,2016,Italy
Hidden Figures,2016,USA
Paddington 2,2017,UK
Udta Punjab,2016,India
Kubo and the Two Strings,2016,USA
M.S. Dhoni: The Untold Story,2016,India
Manchester by the Sea,2016,USA
Under sandet,2015,Denmark
Rogue One,2016,USA
Captain America: Civil War,2016,USA
The Hateful Eight,2015,USA
Little Women,2019,USA
Loving Vincent,2017,UK
Pride,2014,UK
Le passé,2013,France
La grande bellezza,2013,Italy
The Lunchbox,2013,India
Vicky Donor,2012,India
Big Hero 6,2014,USA
About Time,2013,UK
English Vinglish,2012,India
Kaze tachinu,2013,Japan
Toy Story 4,2019,USA
La migliore offerta,2013,Italy
Moonrise Kingdom,2012,USA
How to Train Your Dragon 2,2014,USA
The Big Short,2015,USA
Kokuhaku,2010,Japan
Ang-ma-reul bo-at-da,2010,South Korea
The Girl with the Dragon Tattoo,2011,USA
Captain Phillips,2013,USA
Ajeossi,2010,South Korea
Straight Outta Compton,2015,USA
Madeo,2009,South Korea
Chugyeokja,2008,South Korea
The Hobbit: The Desolation of Smaug,2013,USA
Das weiße Band - Eine deutsche Kindergeschichte,2009,Germany
Män som hatar kvinnor,2009,Sweden
The Trial of the Chicago 7,2020,USA
Druk,2020,Denmark
The Fighter,2010,USA
Taken,2008,France
The Boy in the Striped Pyjamas,2008,UK
Once,2007,Ireland
The Hobbit: An Unexpected Journey,2012,USA
Auf der anderen Seite,2007,Germany
Atonement,2007,UK
Drive,2011,USA
American Gangster,2007,USA
Avatar,2009,USA
Mr. Nobody,2009,Belgium
Apocalypto,2006,USA
Little Miss Sunshine,2006,USA
Hot Fuzz,2007,UK
The Curious Case of Benjamin Button,2008,USA
Veer-Zaara,2004,India
Adams æbler,2005,Denmark
Pride & Prejudice,2005,UK
The World's Fastest Indian,2005,New Zealand
Tôkyô goddofâzâzu,2003,Japan
Serenity,2005,USA
Walk the Line,2005,USA
Ondskan,2003,Sweden
The Notebook,2004,USA
Diarios de motocicleta,2004,Argentina
Lilja 4-ever,2002,Sweden
Les triplettes de Belleville,2003,France
Gongdong gyeongbi guyeok JSA,2000,South Korea
The Count of Monte Cristo,2002,USA
Waking Life,2001,USA
Remember the Titans,2000,USA
Wo hu cang long,2000,Taiwan
Todo sobre mi madre,1999,Spain
Cast Away,2000,USA
The Boondock Saints,1999,USA
The Insider,1999,USA
October Sky,1999,USA
Shrek,2001,USA
Titanic,1997,USA
Hana-bi,1997,Japan
Gattaca,1997,USA
The Game,1997,USA
Breaking the Waves,1996,Denmark
Ed Wood,1994,USA
What's Eating Gilbert Grape,1993,USA
Tombstone,1993,USA
The Sandlot,1993,USA
The Remains of the Day,1993,UK
Naked,1993,UK
The Fugitive,1993,USA
A Bronx Tale,1993,USA
Batman: Mask of the Phantasm,1993,USA
Lat sau san taam,1992,Hong Kong
Night on Earth,1991,USA
La double vie de Véronique,1991,France
Boyz n the Hood,1991,USA
Misery,1990,USA
Awakenings,1990,USA
Majo no takkyûbin,1989,Japan
Glory,1989,USA
Dip huet seung hung,1989,Hong Kong
Back to the Future Part II,1989,USA
Mississippi Burning,1988,USA
Predator,1987,USA
Evil Dead II,1987,USA
Ferris Bueller's Day Off,1986,USA
Down by Law,1986,USA
The Goonies,1985,USA
The Color Purple,1985,USA
The Breakfast Club,1985,USA
The Killing Fields,1984,UK
Ghostbusters,1984,USA
The Right Stuff,1983,USA
The King of Comedy,1982,USA
E.T. the Extra-Terrestrial,1982,USA
Kramer vs. Kramer,1979,USA
Days of Heaven,1978,USA
The Outlaw Josey Wales,1976,USA
The Man Who Would Be King,1975,UK
The Conversation,1974,USA
La planète sauvage,1973,France
The Day of the Jackal,1973,UK
Badlands,1973,USA
Cabaret,1972,USA
Willy Wonka & the Chocolate Factory,1971,USA
Midnight Cowboy,1969,USA
Wait Until Dark,1967,USA
Guess Who's Coming to Dinner,1967,USA
Bonnie and Clyde,1967,USA
My Fair Lady,1964,UK
Mary Poppins,1964,USA
The Longest Day,1962,USA
Jules et Jim,1962,France
The Innocents,1961,UK
À bout de souffle,1960,France
Red River,1948,USA
Key Largo,1948,USA
To Have and Have Not,1944,USA
Shadow of a Doubt,1943,USA
Stagecoach,1939,USA
The Lady Vanishes,1938,UK
Bringing Up Baby,1938,USA
Bride of Frankenstein,1935,USA
Duck Soup,1933,USA
Scarface: The Shame of the Nation,1932,USA
Frankenstein,1931,USA
Roma,2018,Mexico
God's Own Country,2017,UK
Deadpool 2,2018,USA
Wind River,2017,USA
Get Out,2017,USA
Mission: Impossible - Fallout,2018,USA
En man som heter Ove,2015,Sweden
What We Do in the Shadows,2014,New Zealand
Omoide no Mânî,2014,Japan
The Theory of Everything,2014,UK
Kingsman: The Secret Service,2014,UK
The Fault in Our Stars,2014,USA
Me and Earl and the Dying Girl,2015,USA
Birdman or (The Unexpected Virtue of Ignorance),2014,USA
La vie d'Adèle,2013,France
Kai po che!,2013,India
The Broken Circle Breakdown,2012,Belgium
Captain America: The Winter Soldier,2014,USA
Rockstar,2011,India
Nebraska,2013,USA
Wreck-It Ralph,2012,USA
Le Petit Prince,2015,France
Detachment,2011,USA
Midnight in Paris,2011,USA
The Lego Movie,2014,USA
Gravity,2013,USA
Star Trek Into Darkness,2013,USA
Beasts of No Nation,2015,USA
The Social Network,2010,USA
X: First Class,2011,USA
The Hangover,2009,USA
Skyfall,2012,UK
Silver Linings Playbook,2012,USA
Argo,2012,USA
(500) Days of Summer,2009,USA
Harry Potter and the Deathly Hallows: Part 1,2010,UK
Gake no ue no Ponyo,2008,Japan
Frost/Nixon,2008,USA
Papurika,2006,Japan
Changeling,2008,USA
Flipped,2010,USA
Toki o kakeru shôjo,2006,Japan
Death Note: Desu nôto,2006,Japan
This Is England,2006,UK
Ex Machina,2014,UK
Efter brylluppet,2006,Denmark
The Last King of Scotland,2006,UK
Zodiac,2007,USA
Lucky Number Slevin,2006,USA
Joyeux Noël,2005,France
Control,2007,UK
Tangled,2010,USA
Zwartboek,2006,Netherlands
Brokeback Mountain,2005,USA
3:10 to Yuma,2007,USA
Crash,2004,USA
Kung fu,2004,China
The Bourne Supremacy,2004,USA
The Machinist,2004,Spain
Ray,2004,USA
Lost in Translation,2003,USA
Harry Potter and the Goblet of Fire,2005,UK
Man on Fire,2004,USA
Coraline,2009,USA
The Last Samurai,2003,USA
The Magdalene Sisters,2002,Ireland
Good Bye Lenin!,2003,Germany
In America,2002,Ireland
I Am Sam,2001,USA
Adaptation.,2002,USA
Black Hawk Down,2001,USA
Road to Perdition,2002,USA
Das Experiment,2001,Germany
Billy Elliot,2000,UK
Hedwig and the Angry Inch,2001,USA
Ocean's Eleven,2001,USA
Vampire Hunter D: Bloodlust,2000,Japan
"O Brother, Where Art Thou?",2000,USA
Interstate 60: Episodes of the Road,2002,USA
"South Park: Bigger, Longer & Uncut",1999,USA
Office Space,1999,USA
Happiness,1998,USA
Training Day,2001,USA
Rushmore,1998,USA
Abre los ojos,1997,Spain
Being John Malkovich,1999,USA
As Good as It Gets,1997,USA
The Fifth Element,1997,France
Le dîner de cons,1998,France
Donnie Brasco,1997,USA
Shine,1996,Australia
Primal Fear,1996,USA
Hamlet,1996,UK
A Little Princess,1995,USA
Do lok tin si,1995,Hong Kong
Il postino,1994,Italy
Clerks,1994,USA
Short Cuts,1993,USA
Philadelphia,1993,USA
The Muppet Christmas Carol,1992,USA
Malcolm X,1992,USA
The Last of the Mohicans,1992,USA
Kurenai no buta,1992,Japan
Glengarry Glen Ross,1992,USA
A Few Good Men,1992,USA
Fried Green Tomatoes,1991,USA
Barton Fink,1991,USA
Miller's Crossing,1990,USA
Who Framed Roger Rabbit,1988,USA
Spoorloos,1988,Netherlands
Withnail & I,1987,UK
The Last Emperor,1987,Italy
Empire of the Sun,1987,USA
Der Name der Rose,1986,Germany
Blue Velvet,1986,USA
The Purple Rose of Cairo,1985,USA
After Hours,1985,USA
Zelig,1983,USA
The Verdict,1982,USA
Star Trek II: The Wrath of Khan,1982,USA
First Blood,1982,USA
Ordinary People,1980,USA
Airplane!,1980,USA
Rupan sansei: Kariosutoro no shiro,1979,Japan
Halloween,1978,USA
Le locataire,1976,France
Love and Death,1975,USA
The Taking of Pelham One Two Three,1974,USA
Blazing Saddles,1974,USA
Serpico,1973,USA
Enter the Dragon,1973,Hong Kong
Deliverance,1972,USA
The French Connection,1971,USA
Dirty Harry,1971,USA
Where Eagles Dare,1968,UK
The Odd Couple,1968,USA
The Dirty Dozen,1967,USA
Belle de jour,1967,France
A Man for All Seasons,1966,UK
Repulsion,1965,UK
Zulu,1964,UK
Goldfinger,1964,UK
The Birds,1963,USA
Cape Fear,1962,USA
Peeping Tom,1960,UK
The Magnificent Seven,1960,USA
Les yeux sans visage,1960,France
Invasion of the Body Snatchers,1956,USA
Rebel Without a Cause,1955,USA
The Ladykillers,1955,UK
Sabrina,1954,USA
The Quiet Man,1952,USA
The Day the Earth Stood Still,1951,USA
The African Queen,1951,USA
Gilda,1946,USA
Fantasia,1940,USA
The Invisible Man,1933,USA
Dark Waters,2019,USA
Searching,2018,USA
Once Upon a Time... in Hollywood,2019,USA
Nelyubov,2017,Russia
The Florida Project,2017,USA
Just Mercy,2019,USA
Gifted,2017,USA
The Peanut Butter Falcon,2019,USA
Victoria,2015,Germany
Mustang,2015,France
Guardians of the Galaxy Vol. 2,2017,USA
Baby Driver,2017,USA
Only the Brave,2017,USA
Bridge of Spies,2015,USA
Incredibles 2,2018,USA
Moana,2016,USA
Sicario,2015,USA
Creed,2015,USA
Leviafan,2014,Russia
Hell or High Water,2016,USA
Philomena,2013,UK
Dawn of the Planet of the Apes,2014,USA
El cuerpo,2012,Spain
Serbuan maut,2011,Indonesia
End of Watch,2012,USA
Kari-gurashi no Arietti,2010,Japan
A Star Is Born,2018,USA
True Grit,2010,USA
Hævnen,2010,Denmark
Despicable Me,2010,USA
50/50,2011,USA
Kick-Ass,2010,USA
Celda 211,2009,Spain
Moneyball,2011,USA
La piel que habito,2011,Spain
Zombieland,2009,USA
Die Welle,2008,Germany
Sherlock Holmes,2009,USA
The Blind Side,2009,USA
The Visitor,2007,USA
Seven Pounds,2008,USA
Eastern Promises,2007,UK
Stardust,2007,UK
The Secret of Kells,2009,Ireland
Inside Man,2006,USA
Gone Baby Gone,2007,USA
La Vie En Rose,2007,France
Huo Yuan Jia,2006,China
The Illusionist,2006,USA
Dead Man's Shoes,2004,UK
Harry Potter and the Half-Blood Prince,2009,UK
300,2006,USA
Match Point,2005,UK
Watchmen,2009,USA
Lord of War,2005,USA
Saw,2004,USA
"Synecdoche, New York",2008,USA
Mysterious Skin,2004,USA
Jeux d'enfants,2003,France
Un long dimanche de fiançailles,2004,France
The Station Agent,2003,USA
21 Grams,2003,USA
Boksuneun naui geot,2002,South Korea
Finding Neverland,2004,UK
25th Hour,2002,USA
The Butterfly Effect,2004,USA
28 Days Later...,2002,UK
Batoru rowaiaru,2000,Japan
The Royal Tenenbaums,2001,USA
Y tu mamá también,2001,Mexico
Harry Potter and the Sorcerer's Stone,2001,UK
The Others,2001,Spain
Blow,2001,USA
Enemy at the Gates,2001,USA
Minority Report,2002,USA
The Hurricane,1999,USA
American Psycho,2000,USA
Lola rennt,1998,Germany
The Thin Red Line,1998,USA
Mulan,1998,USA
Fear and Loathing in Las Vegas,1998,USA
Funny Games,1997,Austria
Dark City,1998,USA
Sleepers,1996,USA
Lost Highway,1997,France
Sense and Sensibility,1995,UK
Die Hard: With a Vengeance,1995,USA
Dead Man,1995,USA
The Bridges of Madison County,1995,USA
Apollo 13,PG,USA
Trois couleurs: Blanc,1994,France
Falling Down,1993,USA
Dazed and Confused,1993,USA
My Cousin Vinny,1992,USA
Omohide poro poro,1991,Japan
Delicatessen,1991,France
Home Alone,1990,USA
The Godfather: Part III,1990,USA
When Harry Met Sally...,1989,USA
The Little Mermaid,1989,USA
The Naked Gun: From the Files of Police Squad!,1988,USA
"Planes, Trains & Automobiles",1987,USA
Lethal Weapon,1987,USA
Blood Simple,1984,USA
On Golden Pond,1981,USA
Mad Max 2,1981,Australia
The Warriors,1979,USA
The Muppet Movie,1979,USA
Escape from Alcatraz,1979,USA
Watership Down,1978,UK
Midnight Express,1978,USA
Close Encounters of the Third Kind,1977,USA
The Long Goodbye,1973,USA
Giù la testa,1971,Italy
Kelly's Heroes,1970,USA
The Jungle Book,1967,USA
Blowup,1966,UK
A Hard Day's Night,1964,UK
Breakfast at Tiffany's,1961,USA
Giant,1956,USA
From Here to Eternity,1953,USA
Lifeboat,1944,USA
The 39 Steps,1935,UK